source_path	sha256	asset_id	collection	canonical_copy
00-initial-design/overview-v1-approved.png	b0f8a7e37858dd3f2742ede8b34d24cc12becba8b7f8555547390c4147dd70c8	PMUI-b0f8a7e37858	history	history/01-overview/001-overview-v1-approved-b0f8a7.png
01-audit-snapshot/01-overview-01.png	b0f8a7e37858dd3f2742ede8b34d24cc12becba8b7f8555547390c4147dd70c8	PMUI-b0f8a7e37858	history	history/01-overview/001-overview-v1-approved-b0f8a7.png
00-initial-design/automation-v1/interaction-states/05-empty.png	0abed164d2636d3a38a75c04e03535f8658fb55e36d5b7e2d9386b60f90967b9	PMUI-0abed164d263	history	history/02-automation/006-empty-0abed1.png
01-audit-snapshot/15-automation-06.png	0abed164d2636d3a38a75c04e03535f8658fb55e36d5b7e2d9386b60f90967b9	PMUI-0abed164d263	history	history/02-automation/006-empty-0abed1.png
00-initial-design/run-records-v1/extended-pages/04-task-logs.png	3b3e7f19d784f36e3897d35561edbefb6e825a30d78ac92ea19f6211bebc80db	PMUI-3b3e7f19d784	history	history/03-runs/005-task-logs-approved-3b3e7f.png
00-initial-design/run-records-v1/selection-v2-20260910/04-task-logs-approved.png	3b3e7f19d784f36e3897d35561edbefb6e825a30d78ac92ea19f6211bebc80db	PMUI-3b3e7f19d784	history	history/03-runs/005-task-logs-approved-3b3e7f.png
01-audit-snapshot/25-runs-05.png	3b3e7f19d784f36e3897d35561edbefb6e825a30d78ac92ea19f6211bebc80db	PMUI-3b3e7f19d784	history	history/03-runs/005-task-logs-approved-3b3e7f.png
00-initial-design/run-records-v1/extended-pages/02-manual-list.png	57f2c715e8e3b19ced71b8ca3af7e231a281133f7c3255407bd1288bbedc61b1	PMUI-57f2c715e8e3	history	history/03-runs/200-manual-list-57f2c7.png
00-initial-design/run-records-v1/extended-pages/07-manual-detail.png	20a9a703fa18906e2f6fe2b8b96e5108115df47f3c11dbfe09636c1103f6457a	PMUI-20a9a703fa18	history	history/03-runs/200-manual-detail-20a9a7.png
00-initial-design/run-records-v1/manual-detail-v2-candidates-20260910/02-information-first.png	1af273f703b9feffe791500c10ce039268aef31a4aa6b39e9e8531b00f700507	PMUI-1af273f703b9	history	history/03-runs/200-information-first-1af273.png
00-initial-design/run-records-v1/manual-detail-v2-candidates-20260910/03-scene-and-dock.png	1f4f1ec24e0a1073be58e828241d55482e65f5cb0cf19cc800af6090e7cae5dd	PMUI-1f4f1ec24e0a	history	history/03-runs/200-scene-and-dock-1f4f1e.png
00-initial-design/statistics-v1-approved/interaction-states/05-load-error.png	6e270723b6f4ecf3cfa80af8e4cca531a0b447277e2c422a325bb609df2c34bb	PMUI-6e270723b6f4	history	history/04-statistics/006-load-error-6e2707.png
01-audit-snapshot/47-statistics-06.png	6e270723b6f4ecf3cfa80af8e4cca531a0b447277e2c422a325bb609df2c34bb	PMUI-6e270723b6f4	history	history/04-statistics/006-load-error-6e2707.png
00-initial-design/statistics-v1-approved/interaction-states/06-drilldown-tasks.png	01b3a6f6aef7b019802d6eb1c6c55ccecb0680a6498664425fe3e88402368e31	PMUI-01b3a6f6aef7	history	history/04-statistics/007-drilldown-tasks-01b3a6.png
01-audit-snapshot/48-statistics-07.png	01b3a6f6aef7b019802d6eb1c6c55ccecb0680a6498664425fe3e88402368e31	PMUI-01b3a6f6aef7	history	history/04-statistics/007-drilldown-tasks-01b3a6.png
00-initial-design/statistics-v1-candidates/01-trend-first.png	98375cc235a1eef1e982d25e7a12b956dbba0dec62ff28023ffe7c31d682bd9d	PMUI-98375cc235a1	history	history/04-statistics/200-trend-first-98375c.png
00-initial-design/statistics-v1-candidates/02-workflow-comparison.png	dc2bfc41368ce1fc263dad490df6c6d1976e0e551ac672a483ab5475ea445a59	PMUI-dc2bfc41368c	history	history/04-statistics/200-workflow-comparison-dc2bfc.png
00-initial-design/data-v1-candidates/01-catalog-table.png	3df85182345571a2263a1329d7cb9f120f4ea8bfd452adfc2e95dd8bf9b34f0c	PMUI-3df851823455	history	history/05-data/200-catalog-table-3df851.png
00-initial-design/data-v1-candidates/03-table-preview.png	503f2214106d5227b6c9a6a8311e5833fa5c3e7e86f543f1c28cc732e7362aac	PMUI-503f2214106d	history	history/05-data/200-table-preview-503f22.png
00-initial-design/environment-v1-approved/secondary-pages-v1/03-persistent-environment-list.png	83b10b064f66a1cf8c3c80d5573042146edf708739887be1b94c5f7761e18f21	PMUI-83b10b064f66	history	history/06-environments/004-persistent-environment-list-83b10b.png
01-audit-snapshot/71-environment-04.png	83b10b064f66a1cf8c3c80d5573042146edf708739887be1b94c5f7761e18f21	PMUI-83b10b064f66	history	history/06-environments/004-persistent-environment-list-83b10b.png
00-initial-design/environment-v1-approved/secondary-pages-v1/05-project-default-resources-edit.png	00c31ca3bf0d889eaa6c0111c28b1d050d7e2a0c6123fa1a487c14dd14a80074	PMUI-00c31ca3bf0d	history	history/06-environments/006-project-default-resources-edit-00c31c.png
01-audit-snapshot/73-environment-06.png	00c31ca3bf0d889eaa6c0111c28b1d050d7e2a0c6123fa1a487c14dd14a80074	PMUI-00c31ca3bf0d	history	history/06-environments/006-project-default-resources-edit-00c31c.png
03-refinement-20260911/environment-maintenance-v1/01-persistent-list-default.png	3f90c71cb67e2a843dd0552e7bdc16ae883a95c4f09169673a3328f8fda75b05	PMUI-3f90c71cb67e	history	history/06-environments/100-persistent-list-default-3f90c7.png
03-refinement-20260911/environment-maintenance-v1/02-rename-notes-editor.png	2c41533b75610fab328129ba9bb4d5684b833c9ce6fca00c78fbd842ca490024	PMUI-2c41533b7561	history	history/06-environments/100-rename-notes-editor-2c4153.png
00-initial-design/environment-v1-candidates/01-list-first.png	5777b7aff7b56f7f663a6be109215cc72dc1f2bbe1101b2bc56ce08883e36574	PMUI-5777b7aff7b5	history	history/06-environments/200-list-first-5777b7.png
00-initial-design/environment-v1-candidates/03-split-workspace.png	2f7ea6eb13fabcab508f5efd498cb76510ae583d7217d398e950abfaaec06bfe	PMUI-2f7ea6eb13fa	history	history/06-environments/200-split-workspace-2f7ea6.png
04-standalone/01-projects-prototype.png	5238b479f0014856c72a47dd10ff4013cb206250559ccb3aea7cfadad867b9cd	PMUI-5238b479f001	latest	latest/00-projects/100-projects-prototype-5238b4.png
02-refinement-20260910/shared-controls-v1/01-overview.png	cd10948e1923a24c63e0d6080a0da630d5fed98c3034fcd6125f7808855e1553	PMUI-cd10948e1923	latest	latest/01-overview/001-overview-cd1094.png
00-initial-design/overview-interaction-states-v1/01-activity-filter.png	b960a779ac4f77f7cb1b102e4a3a1167acebf95ed1f0bbcda6c1a919627ab6dc	PMUI-b960a779ac4f	latest	latest/01-overview/002-activity-filter-b960a7.png
01-audit-snapshot/02-overview-02.png	b960a779ac4f77f7cb1b102e4a3a1167acebf95ed1f0bbcda6c1a919627ab6dc	PMUI-b960a779ac4f	latest	latest/01-overview/002-activity-filter-b960a7.png
00-initial-design/overview-interaction-states-v1/02-activity-expanded.png	734910769df02a85edfeb3f0bb0c80bcc1257ac7062e0193bc9c18053303bbd4	PMUI-734910769df0	latest	latest/01-overview/003-activity-expanded-734910.png
01-audit-snapshot/03-overview-03.png	734910769df02a85edfeb3f0bb0c80bcc1257ac7062e0193bc9c18053303bbd4	PMUI-734910769df0	latest	latest/01-overview/003-activity-expanded-734910.png
00-initial-design/overview-interaction-states-v1/03-new-project-empty.png	c2947aa44aa7dc000129fd185f963163bc2f01b556a70ee79482578aafbf64b3	PMUI-c2947aa44aa7	latest	latest/01-overview/004-new-project-empty-c2947a.png
01-audit-snapshot/04-overview-04.png	c2947aa44aa7dc000129fd185f963163bc2f01b556a70ee79482578aafbf64b3	PMUI-c2947aa44aa7	latest	latest/01-overview/004-new-project-empty-c2947a.png
00-initial-design/overview-interaction-states-v1/04-capability-unavailable.png	e8dc42b85f0e6a6ac05cf00cca0f9cae2a20fde0121de5062259d81651f87fcb	PMUI-e8dc42b85f0e	latest	latest/01-overview/005-capability-unavailable-e8dc42.png
01-audit-snapshot/05-overview-05.png	e8dc42b85f0e6a6ac05cf00cca0f9cae2a20fde0121de5062259d81651f87fcb	PMUI-e8dc42b85f0e	latest	latest/01-overview/005-capability-unavailable-e8dc42.png
00-initial-design/overview-interaction-states-v1/05-initial-loading.png	6d99f9db578abdfe0701a3d21bb198f1c05dde6a408a053a0777c80f9675e213	PMUI-6d99f9db578a	latest	latest/01-overview/006-initial-loading-6d99f9.png
01-audit-snapshot/06-overview-06.png	6d99f9db578abdfe0701a3d21bb198f1c05dde6a408a053a0777c80f9675e213	PMUI-6d99f9db578a	latest	latest/01-overview/006-initial-loading-6d99f9.png
00-initial-design/overview-interaction-states-v1/06-activity-load-error.png	cae7e1c3cb38f9fa12d3979f052304e763ea8264fdf4086fd17ef734501f9fea	PMUI-cae7e1c3cb38	latest	latest/01-overview/007-activity-load-error-cae7e1.png
01-audit-snapshot/07-overview-07.png	cae7e1c3cb38f9fa12d3979f052304e763ea8264fdf4086fd17ef734501f9fea	PMUI-cae7e1c3cb38	latest	latest/01-overview/007-activity-load-error-cae7e1.png
00-initial-design/overview-interaction-states-v1/07-overview-load-error.png	7d3ff7ccac9d31424f00ac774b5bae3ee1b495643f194ba263472bc14a39a8a6	PMUI-7d3ff7ccac9d	latest	latest/01-overview/008-overview-load-error-7d3ff7.png
01-audit-snapshot/08-overview-08.png	7d3ff7ccac9d31424f00ac774b5bae3ee1b495643f194ba263472bc14a39a8a6	PMUI-7d3ff7ccac9d	latest	latest/01-overview/008-overview-load-error-7d3ff7.png
00-initial-design/overview-interaction-states-v1/08-attention-return.png	bfd624d1cf4dda7ee33c25707912539e151e7dadcd19a46d84d7ee932d5bf718	PMUI-bfd624d1cf4d	latest	latest/01-overview/009-attention-return-bfd624.png
01-audit-snapshot/09-overview-09.png	bfd624d1cf4dda7ee33c25707912539e151e7dadcd19a46d84d7ee932d5bf718	PMUI-bfd624d1cf4d	latest	latest/01-overview/009-attention-return-bfd624.png
00-initial-design/automation-v1/automation-v1-approved.png	a4520177a6d52fbf91757df3dea638203ef1d8102a0963b932df4760f674f528	PMUI-a4520177a6d5	latest	latest/02-automation/001-automation-v1-approved-a45201.png
01-audit-snapshot/10-automation-01.png	a4520177a6d52fbf91757df3dea638203ef1d8102a0963b932df4760f674f528	PMUI-a4520177a6d5	latest	latest/02-automation/001-automation-v1-approved-a45201.png
00-initial-design/automation-v1/interaction-states/01-search-sort.png	7bda3913caea8a82bd516d5740171f06af71ae49981c8ff093b7fda4beb39f14	PMUI-7bda3913caea	latest	latest/02-automation/002-search-sort-7bda39.png
01-audit-snapshot/11-automation-02.png	7bda3913caea8a82bd516d5740171f06af71ae49981c8ff093b7fda4beb39f14	PMUI-7bda3913caea	latest	latest/02-automation/002-search-sort-7bda39.png
00-initial-design/automation-v1/interaction-states/02-more-menu.png	79f558a4954d50fb65fa6d4a6aa952440a82ec8ea0bbe0878f60e18be9882c21	PMUI-79f558a4954d	latest	latest/02-automation/003-more-menu-79f558.png
01-audit-snapshot/12-automation-03.png	79f558a4954d50fb65fa6d4a6aa952440a82ec8ea0bbe0878f60e18be9882c21	PMUI-79f558a4954d	latest	latest/02-automation/003-more-menu-79f558.png
00-initial-design/automation-v1/interaction-states/03-delete-confirm.png	54c9040c9b1e432df22f39af328ed948885a54275dfdcb05d34ffeb51bb4c2ca	PMUI-54c9040c9b1e	latest	latest/02-automation/004-delete-confirm-54c904.png
01-audit-snapshot/13-automation-04.png	54c9040c9b1e432df22f39af328ed948885a54275dfdcb05d34ffeb51bb4c2ca	PMUI-54c9040c9b1e	latest	latest/02-automation/004-delete-confirm-54c904.png
00-initial-design/automation-v1/interaction-states/04-delete-conflict.png	eb1bd069a3ca99a23f195a2b9977a0f637af5341ccb11ae3dc8490352207b363	PMUI-eb1bd069a3ca	latest	latest/02-automation/005-delete-conflict-eb1bd0.png
01-audit-snapshot/14-automation-05.png	eb1bd069a3ca99a23f195a2b9977a0f637af5341ccb11ae3dc8490352207b363	PMUI-eb1bd069a3ca	latest	latest/02-automation/005-delete-conflict-eb1bd0.png
02-refinement-20260910/shared-controls-v1/02-automation-empty.png	695f71d9b872df815e2c54e6b7666812e69f76b0ade463931675c19029c7a16e	PMUI-695f71d9b872	latest	latest/02-automation/006-automation-empty-695f71.png
00-initial-design/automation-v1/interaction-states/06-no-results.png	8f42cb699f7b58342b8da524b8b95e9d53d72e5e0dcb27763d1049f3652668b5	PMUI-8f42cb699f7b	latest	latest/02-automation/007-no-results-8f42cb.png
01-audit-snapshot/16-automation-07.png	8f42cb699f7b58342b8da524b8b95e9d53d72e5e0dcb27763d1049f3652668b5	PMUI-8f42cb699f7b	latest	latest/02-automation/007-no-results-8f42cb.png
00-initial-design/automation-v1/interaction-states/07-loading.png	95c1cb5850e914a8e1c6688f55e8decbe37bca5eb3229d6719fd7564727656f9	PMUI-95c1cb5850e9	latest	latest/02-automation/008-loading-95c1cb.png
01-audit-snapshot/17-automation-08.png	95c1cb5850e914a8e1c6688f55e8decbe37bca5eb3229d6719fd7564727656f9	PMUI-95c1cb5850e9	latest	latest/02-automation/008-loading-95c1cb.png
00-initial-design/automation-v1/interaction-states/08-load-error.png	b0e31b952e74c31b5137994e569eb07c7ada9a88b4c7cd10df8146ece129607f	PMUI-b0e31b952e74	latest	latest/02-automation/009-load-error-b0e31b.png
01-audit-snapshot/18-automation-09.png	b0e31b952e74c31b5137994e569eb07c7ada9a88b4c7cd10df8146ece129607f	PMUI-b0e31b952e74	latest	latest/02-automation/009-load-error-b0e31b.png
00-initial-design/automation-v1/interaction-states/09-archived-readonly.png	46a6a4f5d0b5cf5ca019a2813704c040bb5e1545f734fd44379fa55004761448	PMUI-46a6a4f5d0b5	latest	latest/02-automation/010-archived-readonly-46a6a4.png
01-audit-snapshot/19-automation-10.png	46a6a4f5d0b5cf5ca019a2813704c040bb5e1545f734fd44379fa55004761448	PMUI-46a6a4f5d0b5	latest	latest/02-automation/010-archived-readonly-46a6a4.png
00-initial-design/automation-v1/interaction-states/10-page-return.png	6939c71803c56bff606e035424f0dd1680f5aef14301387a87c40a2d0b49f0c4	PMUI-6939c71803c5	latest	latest/02-automation/011-page-return-6939c7.png
01-audit-snapshot/20-automation-11.png	6939c71803c56bff606e035424f0dd1680f5aef14301387a87c40a2d0b49f0c4	PMUI-6939c71803c5	latest	latest/02-automation/011-page-return-6939c7.png
00-initial-design/run-records-v1/run-records-v1-approved.png	2cd36741130604777a2a305167e77724f2d6d95dae2dfd076871bca2d11825e2	PMUI-2cd367411306	latest	latest/03-runs/001-run-records-v1-approved-2cd367.png
01-audit-snapshot/21-runs-01.png	2cd36741130604777a2a305167e77724f2d6d95dae2dfd076871bca2d11825e2	PMUI-2cd367411306	latest	latest/03-runs/001-run-records-v1-approved-2cd367.png
00-initial-design/run-records-v1/extended-pages/01-task-list.png	9a81f19297bf832aac891beb501de73269f34239e5d7510522346f853c409332	PMUI-9a81f19297bf	latest	latest/03-runs/002-task-list-approved-9a81f1.png
00-initial-design/run-records-v1/selection-v2-20260910/01-task-list-approved.png	9a81f19297bf832aac891beb501de73269f34239e5d7510522346f853c409332	PMUI-9a81f19297bf	latest	latest/03-runs/002-task-list-approved-9a81f1.png
01-audit-snapshot/22-runs-02.png	9a81f19297bf832aac891beb501de73269f34239e5d7510522346f853c409332	PMUI-9a81f19297bf	latest	latest/03-runs/002-task-list-approved-9a81f1.png
00-initial-design/run-records-v1/selection-v2-20260910/02-manual-list-selected-v2.png	09ab4db96ce3975e50890454cb7ab577d826949d8731f86e1418a327641aa127	PMUI-09ab4db96ce3	latest	latest/03-runs/003-manual-list-selected-v2-09ab4d.png
01-audit-snapshot/23-runs-03.png	09ab4db96ce3975e50890454cb7ab577d826949d8731f86e1418a327641aa127	PMUI-09ab4db96ce3	latest	latest/03-runs/003-manual-list-selected-v2-09ab4d.png
00-initial-design/run-records-v1/extended-pages/03-batch-detail.png	459f2512d622a32170757239ea02aee82ff55b83f15e3be758ab7d18ff5760b9	PMUI-459f2512d622	latest	latest/03-runs/004-batch-detail-approved-459f25.png
00-initial-design/run-records-v1/selection-v2-20260910/03-batch-detail-approved.png	459f2512d622a32170757239ea02aee82ff55b83f15e3be758ab7d18ff5760b9	PMUI-459f2512d622	latest	latest/03-runs/004-batch-detail-approved-459f25.png
01-audit-snapshot/24-runs-04.png	459f2512d622a32170757239ea02aee82ff55b83f15e3be758ab7d18ff5760b9	PMUI-459f2512d622	latest	latest/03-runs/004-batch-detail-approved-459f25.png
02-refinement-20260910/shared-controls-v1/03-task-log.png	510347fcb9492154fa1cbd2d382df8e9274fe22b6af18c40c4851f9cd6be98ed	PMUI-510347fcb949	latest	latest/03-runs/005-task-log-510347.png
00-initial-design/run-records-v1/extended-pages/05-task-input-output.png	7af0aa5dbf06f19fb9a22a4c1376eabbf4c08aeb69d422a41ada01e58767a81b	PMUI-7af0aa5dbf06	latest	latest/03-runs/006-task-input-output-approved-7af0aa.png
00-initial-design/run-records-v1/selection-v2-20260910/05-task-input-output-approved.png	7af0aa5dbf06f19fb9a22a4c1376eabbf4c08aeb69d422a41ada01e58767a81b	PMUI-7af0aa5dbf06	latest	latest/03-runs/006-task-input-output-approved-7af0aa.png
01-audit-snapshot/26-runs-06.png	7af0aa5dbf06f19fb9a22a4c1376eabbf4c08aeb69d422a41ada01e58767a81b	PMUI-7af0aa5dbf06	latest	latest/03-runs/006-task-input-output-approved-7af0aa.png
00-initial-design/run-records-v1/extended-pages/06-task-exception-evidence.png	559ddf21e9c4f2d7db6859d8add2e0d98c59e9c0af0a7d8970df6370bdf85114	PMUI-559ddf21e9c4	latest	latest/03-runs/007-task-exception-evidence-approved-559ddf.png
00-initial-design/run-records-v1/selection-v2-20260910/06-task-exception-evidence-approved.png	559ddf21e9c4f2d7db6859d8add2e0d98c59e9c0af0a7d8970df6370bdf85114	PMUI-559ddf21e9c4	latest	latest/03-runs/007-task-exception-evidence-approved-559ddf.png
01-audit-snapshot/27-runs-07.png	559ddf21e9c4f2d7db6859d8add2e0d98c59e9c0af0a7d8970df6370bdf85114	PMUI-559ddf21e9c4	latest	latest/03-runs/007-task-exception-evidence-approved-559ddf.png
00-initial-design/run-records-v1/manual-detail-v2-approved/manual-detail-v2-approved.png	d5f491b409df6758e85498a0fdfade0abe82be5aecadc9a35b9b0d238878d5a6	PMUI-d5f491b409df	latest	latest/03-runs/008-manual-detail-v2-approved-d5f491.png
00-initial-design/run-records-v1/manual-detail-v2-candidates-20260910/01-scene-and-decision.png	d5f491b409df6758e85498a0fdfade0abe82be5aecadc9a35b9b0d238878d5a6	PMUI-d5f491b409df	latest	latest/03-runs/008-manual-detail-v2-approved-d5f491.png
01-audit-snapshot/28-runs-08.png	d5f491b409df6758e85498a0fdfade0abe82be5aecadc9a35b9b0d238878d5a6	PMUI-d5f491b409df	latest	latest/03-runs/008-manual-detail-v2-approved-d5f491.png
00-initial-design/run-records-v1/interaction-states-v1/01-task-filter.png	cfe619a5fc0674bcdd4b33717e9dddf8cca1788f3279ae7b101fd0b7335e7b8e	PMUI-cfe619a5fc06	latest	latest/03-runs/009-task-filter-cfe619.png
01-audit-snapshot/29-runs-09.png	cfe619a5fc0674bcdd4b33717e9dddf8cca1788f3279ae7b101fd0b7335e7b8e	PMUI-cfe619a5fc06	latest	latest/03-runs/009-task-filter-cfe619.png
00-initial-design/run-records-v1/interaction-states-v1/02-capability-unavailable.png	7c122b5f3cb6e855b451dd4ae6e8e838d57a18214859799fe2d45cc9b9a72066	PMUI-7c122b5f3cb6	latest	latest/03-runs/010-capability-unavailable-7c122b.png
01-audit-snapshot/30-runs-10.png	7c122b5f3cb6e855b451dd4ae6e8e838d57a18214859799fe2d45cc9b9a72066	PMUI-7c122b5f3cb6	latest	latest/03-runs/010-capability-unavailable-7c122b.png
00-initial-design/run-records-v1/interaction-states-v1/03-empty.png	a916def0191220ae6452a791544a86351062e600745767bda13c90917f47f223	PMUI-a916def01912	latest	latest/03-runs/011-empty-a916de.png
01-audit-snapshot/31-runs-11.png	a916def0191220ae6452a791544a86351062e600745767bda13c90917f47f223	PMUI-a916def01912	latest	latest/03-runs/011-empty-a916de.png
00-initial-design/run-records-v1/interaction-states-v1/04-no-results.png	8f158b0e642b3c17ebd8f68be33e637c12de7dcbbae35232638fd7b4603c7c8b	PMUI-8f158b0e642b	latest	latest/03-runs/012-no-results-8f158b.png
01-audit-snapshot/32-runs-12.png	8f158b0e642b3c17ebd8f68be33e637c12de7dcbbae35232638fd7b4603c7c8b	PMUI-8f158b0e642b	latest	latest/03-runs/012-no-results-8f158b.png
00-initial-design/run-records-v1/interaction-states-v1/05-loading.png	b84d0ee179639493cb3b8a47a2f544f11e58970558646a31bfe98982472f711c	PMUI-b84d0ee17963	latest	latest/03-runs/013-loading-b84d0e.png
01-audit-snapshot/33-runs-13.png	b84d0ee179639493cb3b8a47a2f544f11e58970558646a31bfe98982472f711c	PMUI-b84d0ee17963	latest	latest/03-runs/013-loading-b84d0e.png
00-initial-design/run-records-v1/interaction-states-v1/06-refresh-error.png	28344b2ccafd4c2e127e5811103d79ca0aecfdab2b470bd20b30407572a3d7a1	PMUI-28344b2ccafd	latest	latest/03-runs/014-refresh-error-28344b.png
01-audit-snapshot/34-runs-14.png	28344b2ccafd4c2e127e5811103d79ca0aecfdab2b470bd20b30407572a3d7a1	PMUI-28344b2ccafd	latest	latest/03-runs/014-refresh-error-28344b.png
00-initial-design/run-records-v1/interaction-states-v1/07-stop-confirm.png	e79f810a29f4432b215dc91330612d2a29400dc804ad10f979fc258d3931b395	PMUI-e79f810a29f4	latest	latest/03-runs/015-stop-confirm-e79f81.png
01-audit-snapshot/35-runs-15.png	e79f810a29f4432b215dc91330612d2a29400dc804ad10f979fc258d3931b395	PMUI-e79f810a29f4	latest	latest/03-runs/015-stop-confirm-e79f81.png
00-initial-design/run-records-v1/interaction-states-v1/08-force-stop-confirm.png	00d61e05c305105a9da9680b9198cc73831ae2368b95e71d12528a48ed73185a	PMUI-00d61e05c305	latest	latest/03-runs/016-force-stop-confirm-00d61e.png
01-audit-snapshot/36-runs-16.png	00d61e05c305105a9da9680b9198cc73831ae2368b95e71d12528a48ed73185a	PMUI-00d61e05c305	latest	latest/03-runs/016-force-stop-confirm-00d61e.png
00-initial-design/run-records-v1/interaction-states-v1/09-running-task-logs.png	d5287cb18c62581dcee337fab070530a67ba6472cc1a0cb3977aafe05fd36bf6	PMUI-d5287cb18c62	latest	latest/03-runs/017-running-task-logs-d5287c.png
01-audit-snapshot/37-runs-17.png	d5287cb18c62581dcee337fab070530a67ba6472cc1a0cb3977aafe05fd36bf6	PMUI-d5287cb18c62	latest	latest/03-runs/017-running-task-logs-d5287c.png
00-initial-design/run-records-v1/interaction-states-v1/10-manual-check-failed.png	85b8b563e5b433f559216f6316473ee9be5468b85c513d046d7e762902147e57	PMUI-85b8b563e5b4	latest	latest/03-runs/018-manual-check-failed-85b8b5.png
01-audit-snapshot/38-runs-18.png	85b8b563e5b433f559216f6316473ee9be5468b85c513d046d7e762902147e57	PMUI-85b8b563e5b4	latest	latest/03-runs/018-manual-check-failed-85b8b5.png
00-initial-design/run-records-v1/interaction-states-v1/11-manual-complete-confirm.png	919ab528c908de9e17660b772e8f7c62840557acfd5e9afc5265cc66033f1b87	PMUI-919ab528c908	latest	latest/03-runs/019-manual-complete-confirm-919ab5.png
01-audit-snapshot/39-runs-19.png	919ab528c908de9e17660b772e8f7c62840557acfd5e9afc5265cc66033f1b87	PMUI-919ab528c908	latest	latest/03-runs/019-manual-complete-confirm-919ab5.png
00-initial-design/run-records-v1/interaction-states-v1/12-manual-expired.png	98016b07064395eba4bac8a7d3585ae90b26cb328819e1b11e00dccd3460db7a	PMUI-98016b070643	latest	latest/03-runs/020-manual-expired-98016b.png
01-audit-snapshot/40-runs-20.png	98016b07064395eba4bac8a7d3585ae90b26cb328819e1b11e00dccd3460db7a	PMUI-98016b070643	latest	latest/03-runs/020-manual-expired-98016b.png
00-initial-design/run-records-v1/interaction-states-v1/13-evidence-missing.png	f523b7905fd459fbdabc34e6bbab4787c8aa4467f88fba2cfde6e94ec83989b6	PMUI-f523b7905fd4	latest	latest/03-runs/021-evidence-missing-f523b7.png
01-audit-snapshot/41-runs-21.png	f523b7905fd459fbdabc34e6bbab4787c8aa4467f88fba2cfde6e94ec83989b6	PMUI-f523b7905fd4	latest	latest/03-runs/021-evidence-missing-f523b7.png
00-initial-design/statistics-v1-approved/statistics-v1-approved.png	14eafdf1b4436b4e3841306b440604d7df68a1142832b782e7cefe95db360859	PMUI-14eafdf1b443	latest	latest/04-statistics/001-statistics-v1-approved-14eafd.png
00-initial-design/statistics-v1-candidates/03-light-summary.png	14eafdf1b4436b4e3841306b440604d7df68a1142832b782e7cefe95db360859	PMUI-14eafdf1b443	latest	latest/04-statistics/001-statistics-v1-approved-14eafd.png
01-audit-snapshot/42-statistics-01.png	14eafdf1b4436b4e3841306b440604d7df68a1142832b782e7cefe95db360859	PMUI-14eafdf1b443	latest	latest/04-statistics/001-statistics-v1-approved-14eafd.png
00-initial-design/statistics-v1-approved/interaction-states/01-date-range.png	eaef3ad61726609b5c47295bd70e6d0a16d51e4a4c52d925f4859ecbae790ae6	PMUI-eaef3ad61726	latest	latest/04-statistics/002-date-range-eaef3a.png
01-audit-snapshot/43-statistics-02.png	eaef3ad61726609b5c47295bd70e6d0a16d51e4a4c52d925f4859ecbae790ae6	PMUI-eaef3ad61726	latest	latest/04-statistics/002-date-range-eaef3a.png
00-initial-design/statistics-v1-approved/interaction-states/02-automation-filter.png	9160590b9793954f8387118e95f55f8aebc747337b9dd1a8737ed4a25bb72fe8	PMUI-9160590b9793	latest	latest/04-statistics/003-automation-filter-916059.png
01-audit-snapshot/44-statistics-03.png	9160590b9793954f8387118e95f55f8aebc747337b9dd1a8737ed4a25bb72fe8	PMUI-9160590b9793	latest	latest/04-statistics/003-automation-filter-916059.png
00-initial-design/statistics-v1-approved/interaction-states/03-empty.png	6704bb14fe85124468ea3c36e6d70968d88761137954c4860f241e3f4b10f67d	PMUI-6704bb14fe85	latest	latest/04-statistics/004-empty-6704bb.png
01-audit-snapshot/45-statistics-04.png	6704bb14fe85124468ea3c36e6d70968d88761137954c4860f241e3f4b10f67d	PMUI-6704bb14fe85	latest	latest/04-statistics/004-empty-6704bb.png
00-initial-design/statistics-v1-approved/interaction-states/04-loading.png	ba31478a35ac9445e972f462fca2850695bf8f3164ba71196a485d49ee026115	PMUI-ba31478a35ac	latest	latest/04-statistics/005-loading-ba3147.png
01-audit-snapshot/46-statistics-05.png	ba31478a35ac9445e972f462fca2850695bf8f3164ba71196a485d49ee026115	PMUI-ba31478a35ac	latest	latest/04-statistics/005-loading-ba3147.png
02-refinement-20260910/shared-controls-v1/04-statistics-error.png	2a8897564195b5925fe575d0e92705c4de5cf75ebc18ab4c6c0a5ee6ac2bac32	PMUI-2a8897564195	latest	latest/04-statistics/006-statistics-error-2a8897.png
02-refinement-20260910/statistics-rules-v2/03-frozen-drilldown.png	00b0dbc56af23470d42557071d4bfe8e669edfb01ccabebba239d01559863555	PMUI-00b0dbc56af2	latest	latest/04-statistics/007-frozen-drilldown-00b0db.png
00-initial-design/statistics-v1-approved/interaction-states/07-task-detail-return.png	e9114406e7a05dd205ae40f61f1401dfb3bc1e312889cc76b03fef5ea0e0df49	PMUI-e9114406e7a0	latest	latest/04-statistics/008-task-detail-return-e91144.png
01-audit-snapshot/49-statistics-08.png	e9114406e7a05dd205ae40f61f1401dfb3bc1e312889cc76b03fef5ea0e0df49	PMUI-e9114406e7a0	latest	latest/04-statistics/008-task-detail-return-e91144.png
00-initial-design/statistics-v1-approved/interaction-states/08-statistics-restored.png	dde8efe76b2d1ed2334195dfa86deaa8af28583a9caabf292734766b65f54422	PMUI-dde8efe76b2d	latest	latest/04-statistics/009-statistics-restored-dde8ef.png
01-audit-snapshot/50-statistics-09.png	dde8efe76b2d1ed2334195dfa86deaa8af28583a9caabf292734766b65f54422	PMUI-dde8efe76b2d	latest	latest/04-statistics/009-statistics-restored-dde8ef.png
02-refinement-20260910/statistics-rules-v2/01-metric-definition.png	8036c5ce20b20ec5d65d6c28ad03d362d32d0287a05ef8558dc238bd92df5b96	PMUI-8036c5ce20b2	latest	latest/04-statistics/100-metric-definition-8036c5.png
02-refinement-20260910/statistics-rules-v2/02-refreshed-summary.png	b18988a89e35f4a3b2d9edaaea675e16bda7e740072f1a449dbcdfc244f019bc	PMUI-b18988a89e35	latest	latest/04-statistics/100-refreshed-summary-b18988.png
00-initial-design/data-v1-approved/data-v1-approved.png	ca940d758b68d6306bd2a60576b2ec5162a56f99fdef114a0fe5ef1ff21ec76d	PMUI-ca940d758b68	latest	latest/05-data/001-data-v1-approved-ca940d.png
00-initial-design/data-v1-candidates/02-spacious-cards.png	ca940d758b68d6306bd2a60576b2ec5162a56f99fdef114a0fe5ef1ff21ec76d	PMUI-ca940d758b68	latest	latest/05-data/001-data-v1-approved-ca940d.png
01-audit-snapshot/51-data-01.png	ca940d758b68d6306bd2a60576b2ec5162a56f99fdef114a0fe5ef1ff21ec76d	PMUI-ca940d758b68	latest	latest/05-data/001-data-v1-approved-ca940d.png
00-initial-design/data-v1-approved/secondary-pages-v1/01-records.png	c496e3859302e6ec2f93216af9d2a3e1f32c14fac35b1c2176b390a88bdd59b3	PMUI-c496e3859302	latest	latest/05-data/002-records-c496e3.png
01-audit-snapshot/52-data-02.png	c496e3859302e6ec2f93216af9d2a3e1f32c14fac35b1c2176b390a88bdd59b3	PMUI-c496e3859302	latest	latest/05-data/002-records-c496e3.png
00-initial-design/data-v1-approved/secondary-pages-v1/02-record-detail.png	d3f6c5774ec467c1ec203d8339b8a21b14de448c318c9d034ea7921aabe17ab6	PMUI-d3f6c5774ec4	latest	latest/05-data/003-record-detail-d3f6c5.png
01-audit-snapshot/53-data-03.png	d3f6c5774ec467c1ec203d8339b8a21b14de448c318c9d034ea7921aabe17ab6	PMUI-d3f6c5774ec4	latest	latest/05-data/003-record-detail-d3f6c5.png
00-initial-design/data-v1-approved/secondary-pages-v1/03-record-create.png	72de4a568a2424ba4dc886418b9e7d2aa7ec359c5006185adb1bd45e84724211	PMUI-72de4a568a24	latest	latest/05-data/004-record-create-72de4a.png
01-audit-snapshot/54-data-04.png	72de4a568a2424ba4dc886418b9e7d2aa7ec359c5006185adb1bd45e84724211	PMUI-72de4a568a24	latest	latest/05-data/004-record-create-72de4a.png
00-initial-design/data-v1-approved/secondary-pages-v1/04-record-edit-validation.png	421c549596d2bca3e42334b684c3a920041b397219445793764fca45c9b040f7	PMUI-421c549596d2	latest	latest/05-data/005-record-edit-validation-421c54.png
01-audit-snapshot/55-data-05.png	421c549596d2bca3e42334b684c3a920041b397219445793764fca45c9b040f7	PMUI-421c549596d2	latest	latest/05-data/005-record-edit-validation-421c54.png
00-initial-design/data-v1-approved/secondary-pages-v1/05-unsaved-changes.png	94895605c22fdaf29ef4383ba73d4669006bd64b6710672a8cf5a19d845a3d46	PMUI-94895605c22f	latest	latest/05-data/006-unsaved-changes-948956.png
01-audit-snapshot/56-data-06.png	94895605c22fdaf29ef4383ba73d4669006bd64b6710672a8cf5a19d845a3d46	PMUI-94895605c22f	latest	latest/05-data/006-unsaved-changes-948956.png
00-initial-design/data-v1-approved/secondary-pages-v1/06-record-delete-confirm.png	76a0e5a3361b1931795eb2ecab48bc13254728ca1ce733a8a2f2eefbec0700fb	PMUI-76a0e5a3361b	latest	latest/05-data/007-record-delete-confirm-76a0e5.png
01-audit-snapshot/57-data-07.png	76a0e5a3361b1931795eb2ecab48bc13254728ca1ce733a8a2f2eefbec0700fb	PMUI-76a0e5a3361b	latest	latest/05-data/007-record-delete-confirm-76a0e5.png
00-initial-design/data-v1-approved/secondary-pages-v1/07-fields.png	378eb24a5f9c4b8182114cc54528d0ad0efa7120d265fc160c862946c89e66c4	PMUI-378eb24a5f9c	latest	latest/05-data/008-fields-378eb2.png
01-audit-snapshot/58-data-08.png	378eb24a5f9c4b8182114cc54528d0ad0efa7120d265fc160c862946c89e66c4	PMUI-378eb24a5f9c	latest	latest/05-data/008-fields-378eb2.png
00-initial-design/data-v1-approved/secondary-pages-v1/08-field-editor.png	c3de19602511ce37670b44914ac7855ec3a68bb8c4f6ce16d96a9a13dc81e6b0	PMUI-c3de19602511	latest	latest/05-data/009-field-editor-c3de19.png
01-audit-snapshot/59-data-09.png	c3de19602511ce37670b44914ac7855ec3a68bb8c4f6ce16d96a9a13dc81e6b0	PMUI-c3de19602511	latest	latest/05-data/009-field-editor-c3de19.png
00-initial-design/data-v1-approved/secondary-pages-v1/09-states.png	d59f5568efae12c9b468df47739dea0f0a11fd6cf3869b31c9e9dd9557085185	PMUI-d59f5568efae	latest	latest/05-data/010-states-d59f55.png
01-audit-snapshot/60-data-10.png	d59f5568efae12c9b468df47739dea0f0a11fd6cf3869b31c9e9dd9557085185	PMUI-d59f5568efae	latest	latest/05-data/010-states-d59f55.png
00-initial-design/data-v1-approved/secondary-pages-v1/10-source-sheets.png	8e6927321b989e65687a2b25e71d58e21097e08fd3599547f74b09e7eb1eb115	PMUI-8e6927321b98	latest	latest/05-data/011-source-sheets-8e6927.png
01-audit-snapshot/61-data-11.png	8e6927321b989e65687a2b25e71d58e21097e08fd3599547f74b09e7eb1eb115	PMUI-8e6927321b98	latest	latest/05-data/011-source-sheets-8e6927.png
00-initial-design/data-v1-approved/secondary-pages-v1/11-source-excel.png	cf611c443491349d61432bb52c72f758fe02cc9a240024238e0f17e8bcbcf52e	PMUI-cf611c443491	latest	latest/05-data/012-source-excel-cf611c.png
01-audit-snapshot/62-data-12.png	cf611c443491349d61432bb52c72f758fe02cc9a240024238e0f17e8bcbcf52e	PMUI-cf611c443491	latest	latest/05-data/012-source-excel-cf611c.png
00-initial-design/data-v1-approved/secondary-pages-v1/12-source-sqlite.png	d81799ae026b01083dc4653e55320bce4dae9351f05357ee8092abf8ceb4fef4	PMUI-d81799ae026b	latest	latest/05-data/013-source-sqlite-d81799.png
01-audit-snapshot/63-data-13.png	d81799ae026b01083dc4653e55320bce4dae9351f05357ee8092abf8ceb4fef4	PMUI-d81799ae026b	latest	latest/05-data/013-source-sqlite-d81799.png
00-initial-design/data-v1-approved/secondary-pages-v1/13-table-settings.png	070d7f52a4aee7a6905012c8709d01086d3b8813f0bdbb556b267152fa0d6d00	PMUI-070d7f52a4ae	latest	latest/05-data/014-table-settings-070d7f.png
01-audit-snapshot/64-data-14.png	070d7f52a4aee7a6905012c8709d01086d3b8813f0bdbb556b267152fa0d6d00	PMUI-070d7f52a4ae	latest	latest/05-data/014-table-settings-070d7f.png
00-initial-design/data-v1-approved/secondary-pages-v1/14-delete-table-blocked.png	2b8a64ed274c8796451f196674aaa115bc8499bb42a0f9b31b3ed0d75d6330d5	PMUI-2b8a64ed274c	latest	latest/05-data/015-delete-table-blocked-2b8a64.png
01-audit-snapshot/65-data-15.png	2b8a64ed274c8796451f196674aaa115bc8499bb42a0f9b31b3ed0d75d6330d5	PMUI-2b8a64ed274c	latest	latest/05-data/015-delete-table-blocked-2b8a64.png
00-initial-design/data-v1-approved/secondary-pages-v1/15-create-table.png	73d061eba024d3358d415d4ed43b56d369fc6a4e4d68b217c2d2e1ade7132bbf	PMUI-73d061eba024	latest	latest/05-data/016-create-table-73d061.png
01-audit-snapshot/66-data-16.png	73d061eba024d3358d415d4ed43b56d369fc6a4e4d68b217c2d2e1ade7132bbf	PMUI-73d061eba024	latest	latest/05-data/016-create-table-73d061.png
00-initial-design/data-v1-approved/secondary-pages-v1/16-record-filter.png	6729305d756d578389afdebc802d34928b445370be776d68965dced79b412c55	PMUI-6729305d756d	latest	latest/05-data/017-record-filter-672930.png
01-audit-snapshot/67-data-17.png	6729305d756d578389afdebc802d34928b445370be776d68965dced79b412c55	PMUI-6729305d756d	latest	latest/05-data/017-record-filter-672930.png
02-refinement-20260910/data-rules-v2/02-field-impact.png	eb086d4107db47478fe9d3b32eebac07a527b1d9964a6425e4ea3b487850e497	PMUI-eb086d4107db	latest	latest/05-data/100-field-impact-eb086d.png
02-refinement-20260910/data-rules-v2/03-sheets-directions.png	d6ac8c03659ad3908e7604bf0a953f1d1159178c12e608aeb5ed0481beb9612c	PMUI-d6ac8c03659a	latest	latest/05-data/100-sheets-directions-d6ac8c.png
00-initial-design/environment-v1-approved/environment-main-v1-approved.png	f757d2d1a115e9626c29312379f9001c35eb784aeec23395d0edc1176eb35685	PMUI-f757d2d1a115	latest	latest/06-environments/001-environment-main-v1-approved-f757d2.png
00-initial-design/environment-v1-candidates/02-scene-first.png	f757d2d1a115e9626c29312379f9001c35eb784aeec23395d0edc1176eb35685	PMUI-f757d2d1a115	latest	latest/06-environments/001-environment-main-v1-approved-f757d2.png
01-audit-snapshot/68-environment-01.png	f757d2d1a115e9626c29312379f9001c35eb784aeec23395d0edc1176eb35685	PMUI-f757d2d1a115	latest	latest/06-environments/001-environment-main-v1-approved-f757d2.png
00-initial-design/environment-v1-approved/secondary-pages-v1/01-running-environment-detail.png	9ff896ee6a9f3494b0c545ed04c751e1890dae7d679eb4f609c8686b2635716e	PMUI-9ff896ee6a9f	latest	latest/06-environments/002-running-environment-detail-9ff896.png
01-audit-snapshot/69-environment-02.png	9ff896ee6a9f3494b0c545ed04c751e1890dae7d679eb4f609c8686b2635716e	PMUI-9ff896ee6a9f	latest	latest/06-environments/002-running-environment-detail-9ff896.png
00-initial-design/environment-v1-approved/secondary-pages-v1/02-manual-environment-list.png	3a0ed24d02387cf919622fa87835a736e3b7aa52f38592b5ad32decc5a9c3f3e	PMUI-3a0ed24d0238	latest	latest/06-environments/003-manual-environment-list-3a0ed2.png
01-audit-snapshot/70-environment-03.png	3a0ed24d02387cf919622fa87835a736e3b7aa52f38592b5ad32decc5a9c3f3e	PMUI-3a0ed24d0238	latest	latest/06-environments/003-manual-environment-list-3a0ed2.png
03-refinement-20260911/environment-maintenance-v3/01-persistent-list.png	9f9960189c44fbf9a8157c0aed92db1a67d1ac40ad941d84e4f6a9c99c1da25a	PMUI-9f9960189c44	latest	latest/06-environments/004-persistent-list-9f9960.png
00-initial-design/environment-v1-approved/secondary-pages-v1/04-persistent-environment-detail.png	70a735e4d7485de7572fb1d92d199e6f2562aa5b929c4e970442067eb97a62ea	PMUI-70a735e4d748	latest	latest/06-environments/005-persistent-environment-detail-70a735.png
01-audit-snapshot/72-environment-05.png	70a735e4d7485de7572fb1d92d199e6f2562aa5b929c4e970442067eb97a62ea	PMUI-70a735e4d748	latest	latest/06-environments/005-persistent-environment-detail-70a735.png
02-refinement-20260910/shared-controls-v1/06-resource-defaults.png	4455876cef6d8013c83f9cc752a9013fc00c782daa49146fb3bc0606840009f9	PMUI-4455876cef6d	latest	latest/06-environments/006-resource-defaults-445587.png
00-initial-design/environment-v1-approved/secondary-pages-v1/06-resource-impact-and-invalid.png	b6a666548c7ab3d81dddb8cdf78c1af516733e0e693aa350ec30d26bf4b02938	PMUI-b6a666548c7a	latest	latest/06-environments/007-resource-impact-and-invalid-b6a666.png
01-audit-snapshot/74-environment-07.png	b6a666548c7ab3d81dddb8cdf78c1af516733e0e693aa350ec30d26bf4b02938	PMUI-b6a666548c7a	latest	latest/06-environments/007-resource-impact-and-invalid-b6a666.png
00-initial-design/environment-v1-approved/secondary-pages-v1/07-resource-version-conflict.png	8598c1dcd25fda5ac18d8f940976499f96d6974b4201c90645762276c12608bd	PMUI-8598c1dcd25f	latest	latest/06-environments/008-resource-version-conflict-8598c1.png
01-audit-snapshot/75-environment-08.png	8598c1dcd25fda5ac18d8f940976499f96d6974b4201c90645762276c12608bd	PMUI-8598c1dcd25f	latest	latest/06-environments/008-resource-version-conflict-8598c1.png
00-initial-design/environment-v1-approved/secondary-pages-v1/08-resource-unsaved-leave.png	47ae56bb333119efc4fd3cc730421e82af2c1f13a325c82d0c02108475d0e278	PMUI-47ae56bb3331	latest	latest/06-environments/009-resource-unsaved-leave-47ae56.png
01-audit-snapshot/76-environment-09.png	47ae56bb333119efc4fd3cc730421e82af2c1f13a325c82d0c02108475d0e278	PMUI-47ae56bb3331	latest	latest/06-environments/009-resource-unsaved-leave-47ae56.png
00-initial-design/environment-v1-approved/secondary-pages-v1/09-runtime-availability-states.png	8eb31da6c89ca6a5f0bc7e93a381b6b24ca1958bf8a8ca4a3b7f867618e3b49a	PMUI-8eb31da6c89c	latest	latest/06-environments/010-runtime-availability-states-8eb31d.png
01-audit-snapshot/77-environment-10.png	8eb31da6c89ca6a5f0bc7e93a381b6b24ca1958bf8a8ca4a3b7f867618e3b49a	PMUI-8eb31da6c89c	latest	latest/06-environments/010-runtime-availability-states-8eb31d.png
03-refinement-20260911/environment-maintenance-v1/03-rename-validation-conflict.png	ea61357bb97a68d9887fd75da5bfeeedde1a7bd822f8eb70a551fa42e00f2268	PMUI-ea61357bb97a	latest	latest/06-environments/100-rename-validation-conflict-ea6135.png
03-refinement-20260911/environment-maintenance-v1/04-delete-impact-preview.png	3a2ef6f57afe6d9b33a2f9286bf3024f14f12da785f6140116ca34f879e69a27	PMUI-3a2ef6f57afe	latest	latest/06-environments/100-delete-impact-preview-3a2ef6.png
03-refinement-20260911/environment-maintenance-v3/02-rename-drawer.png	b15079893dbc41c5b8b9e140443323199bb05673ead850864546c891fdcf2b10	PMUI-b15079893dbc	latest	latest/06-environments/100-rename-drawer-b15079.png
03-refinement-20260911/environment-rules-v2/01-save-with-warning.png	b144be36f3ca63e3e2b214b646c248a81110e755d2fa286eb0e5fc752ca01eb6	PMUI-b144be36f3ca	latest	latest/06-environments/100-save-with-warning-b144be.png
03-refinement-20260911/environment-rules-v2/02-invalid-reference.png	eaa49aead521f92a3d237fc2363228b9405d9b2c5e0078e73362195328ea0a5c	PMUI-eaa49aead521	latest	latest/06-environments/100-invalid-reference-eaa49a.png
03-refinement-20260911/environment-rules-v2/03-cleanup-unknown.png	da12148a156caba5c69cfffbf3d8e9db7674b39d88b81f7e302b812deffc9981	PMUI-da12148a156c	latest	latest/06-environments/100-cleanup-unknown-da1214.png
03-refinement-20260911/environment-rules-v2/04-cleanup-failed.png	6a82d660e25b7760b18ac2acfacc0d3be804b1042249c822cb7e61da2fb443bf	PMUI-6a82d660e25b	latest	latest/06-environments/100-cleanup-failed-6a82d6.png
03-refinement-20260911/environment-rules-v2/05-cleanup-completed.png	6c0606a45f0f7e2e16bf03957914257287163e39148bc9bac68e66e29d24f695	PMUI-6c0606a45f0f	latest	latest/06-environments/100-cleanup-completed-6c0606.png
02-refinement-20260910/shared-controls-v1/00-shared-controls.png	b3bf4542690de979ab5bd04200f6188d8ac5a7a9b9149c4b19f260aa50e5eb32	PMUI-b3bf4542690d	latest	latest/07-shared/100-shared-controls-b3bf45.png
02-refinement-20260910/data-rules-v2/01-record-occupied.png	6fd26487657cb44de5d8f515fb38890326042f259af7b9a43b65ae2cef280bde	PMUI-6fd26487657c	same-day-variants	same-day-variants/05-data/100-record-occupied-6fd264.png
02-refinement-20260910/shared-controls-v1/05-data-record.png	d7724054d21150ea84d141beefc5ac7c383d50e8f05d0b9efafd5de07549a676	PMUI-d7724054d211	same-day-variants	same-day-variants/05-data/100-data-record-d77240.png
